Rain Guage Name,Station Id,Latitude,Longitude,Sensor Group
ALTAMONT,AATC1,37.69306,-121.60944,CNRFC
ALHAMBRA CREEK,ABAC1,37.97694,-122.17806,CNRFC
ALAMEDA CO FIRE - SAN MIGUEL,ACFC1,37.6971,-122.0804,CNRFC
ALDER CK - PRAIRIE CITY,ACKC1,38.63972,-121.15556,CNRFC
ANTELOPE CREEK - LOOMIS,ACLC1,38.81778,-121.21611,CNRFC
MILL VALLEY LOWER,ACMC1,37.89737,-122.53561,CNRFC
ANTELOPE CREEK DRIVE,ACRC1,38.77,-121.25889,CNRFC
ATHERTON CH UPSTRM CALTRAIN,ACUC1,37.46192,-122.19387,CNRFC
DEL PASO HEIGHTS,ACWC1,38.64167,-121.38277,CNRFC
CHICKEN RANCH - ARDEN WAY,ADWC1,38.59528,-121.41222,CNRFC
EAST MAIN DRAIN,AEMC1,38.61945,-121.46694,CNRFC
ST MARY'S COLLEGE,AGAC1,37.84056,-122.10861,CNRFC
ARCADE CK - GREENBACK LANE,AGBC1,38.68111,-121.32667,CNRFC
ALMADEN WATERSHED,AMDC1,37.15722,-121.83417,CNRFC
AUTO MALL PKWY AT I-880,AMPC1,37.5075,-121.96389,CNRFC
ARCADE CK - WINDING WAY,AMRC1,38.64528,-121.3475,CNRFC
ANDERSON DAM,ANDC1,37.16556,-121.62833,CNRFC
,APC,38.21028,-122.28472,CNRFC
UNIONHOUSE CK - CENTER,APNC1,38.46056,-121.41805,CNRFC
RIDER ROAD,APTC1,37.03611,-121.85278,CNRFC
RINCONADA WTP,AQUC1,37.23444,-121.98306,CNRFC
AUBURN RAVINE - FOWLER,ARFC1,38.89306,-121.21944,CNRFC
PAJARO - CHITTENDEN,AROC1,36.90028,-121.59666,CNRFC
ATLAS PEAK,ATLC1,38.47472,-122.26473,CNRFC
ALVARADO - UNION CITY,AUCC1,37.59333,-122.0875,CNRFC
ANGWIN PACIFIC UNION COLLEGE,AWNC1,38.5712,-122.4332,CNRFC
,BAB,39.13333,-121.45,CNRFC
BATES CREEK,BACC1,37.02083,-121.93028,CNRFC
BALD MOUNTAIN,BALC1,37.57972,-121.51639,CNRFC
BYRON AIRPORT,BAPC1,37.83056,-121.6225,CNRFC
BARNABY,BBEC1,38.02806,-122.70222,CNRFC
BODEGA BAY,BBYC1,38.32084,-123.07472,CNRFC
BODEGA MARINE RESERVE,BDZC1,38.31389,-123.06028,CNRFC
BEACH LAKE POINT,BELC1,38.43889,-121.49861,CNRFC
BRUSH CREEK MIDDLE FORK DAM,BFDC1,38.48664,-122.67249,CNRFC
BETHEL ISLAND FIRE STATION,BFRC1,38.01528,-121.64,CNRFC
BODEGA BAY,BGAC1,38.31333,-123.05,CNRFC
BOGGS MOUNTAIN,BGGC1,38.83083,-122.71584,CNRFC
MATHER,BHCC1,38.54111,-121.31833,CNRFC
BIEL RANCH,BIEC1,37.46722,-121.53,CNRFC
BIG BASIN STATE PARK,BINC1,37.18369,-122.20416,CNRFC
BANJO POINT,BJOC1,37.19611,-121.98473,CNRFC
BROKEN ARROW RANCH,BKAC1,37.52444,-121.5125,CNRFC
BROOKS,BKSC1,38.71944,-122.14222,CNRFC
BOULDER CREEK,BLRC1,37.15389,-122.15889,CNRFC
BARTLETT SPRINGS,BLTC1,39.18222,-122.70333,CNRFC
BOGGS MOUNTAIN,BMHC1,38.83944,-122.71,CNRFC
BEN LOMOND RAWS,BNDC1,37.13083,-122.1725,CNRFC
BEN LOMOND LANDFILL,BNEC1,37.09333,-122.075,CNRFC
BANGOR,BNGC1,39.39833,-121.4,CNRFC
BOONVILLE,BNVC1,38.98722,-123.34834,CNRFC
BONNY DOON FS - MARTIN RD,BONC1,37.05113,-122.13902,CNRFC
LAS CUMBRES,BOUC1,37.20833,-122.0625,CNRFC
BOYES CREEK CANYON,BOYC1,39.34053,-123.16349,CNRFC
BEAR CREEK - ALPINE RD,BRCC1,38.07417,-121.21111,CNRFC
BELL ROAD - AUBURN,BRUC1,38.97167,-121.14167,CNRFC
WHEATLAND,BRWC1,39,-121.40556,CNRFC
BARKER SLOUGH,BSGC1,38.32139,-121.93556,CNRFC
STOCKTON DPW YARD,BSSC1,37.95055,-121.26278,CNRFC
UC BERKELEY BOTANICAL GARDEN,BTBC1,37.8741,-122.2373,CNRFC
CC BRENTWOOD CORP YARD,BTDC1,37.91806,-121.69666,CNRFC
BUDWEISER CT - STOCKTON,BUDC1,37.98361,-121.25,CNRFC
BURRELL STATION,BUSC1,37.10944,-121.90556,CNRFC
BROWNS VALLEY SCHOOL,BVSC1,39.23586,-121.40621,CNRFC
BIXLER PUMP PLANT,BXRC1,37.93972,-121.62361,CNRFC
BEAR CANYON ROAD,BYMC1,38.76389,-122.68083,CNRFC
CALERO WATERSHED,CAEC1,37.16972,-121.75694,CNRFC
CAHILL RIDGE,CAXC1,37.51028,-122.37389,CNRFC
CASTRO VALLEY 2NNW,CBOC1,37.71806,-122.09306,CNRFC
FREEDOM,CCFC1,36.93944,-121.76944,CNRFC
,CCR,37.99167,-122.055,CNRFC
COON CK - DOWD RD,CDDC1,38.93134,-121.37714,CNRFC
CLOVERDALE,CDLC1,38.87944,-123.0525,CNRFC
CRANDALL CK AT DEEP CREEK RD,CDPC1,37.5665,-122.052,CNRFC
LAKE HENNESSEY,CDWC1,38.48194,-122.37278,CNRFC
CONN DAM SPILLWAY,CDZC1,38.48611,-122.38278,CNRFC
CLEARLAKE CITY,CEYC1,38.96167,-122.64917,CNRFC
CAMP FAR WEST,CFWC1,39.05028,-121.31472,CNRFC
FAIR OAKS,CHCC1,38.65944,-121.25528,CNRFC
CHABOT RESERVOIR,CHDC1,37.7303,-122.1234,CNRFC
COLLINS LAKE,CILC1,39.3375,-121.32723,CNRFC
CHEROKEE ROAD,CKDC1,37.98611,-121.25861,CNRFC
CACHE CK - LOWER LAKE,CLFC1,38.92389,-122.56695,CNRFC
COLGATE TUNNEL - POWERHOUSE,CLGC1,39.33083,-121.19222,CNRFC
CAPELL CK - BERRYESSA,CLQC1,38.50389,-122.23834,CNRFC
MOULTON WEIR,CLSC1,39.33833,-122.02167,CNRFC
CLAY STATION,CLYC1,38.25722,-121.17139,CNRFC
CULL MAINTENANCE YARD,CMYC1,37.7128,-122.0554,CNRFC
COW RIDGE,CODC1,37.26194,-121.65111,CNRFC
COE PARK,COEC1,37.18167,-121.54278,CNRFC
COLGATE POWERHOUSE,COGC1,39.33083,-121.19,CNRFC
LAGUNA SECA,COMC1,37.20028,-121.73194,CNRFC
CORRALITOS,CORC1,36.98972,-121.805,CNRFC
WILTON,COSC1,38.41667,-121.27972,CNRFC
LYONS VALLEY,COWC1,39.12583,-123.07333,CNRFC
COYOTE RESERVOIR,COYC1,37.08861,-121.53806,CNRFC
LOS MEDANOS,CPPC1,37.9975,-121.85639,CNRFC
CAPERTON RESERVOIR,CPRC1,38.86194,-121.21944,CNRFC
CIRBY CK - TINA LANE,CRBC1,38.73222,-121.27917,CNRFC
RIO COSUMNES CORRECTION CTR,CRCC1,38.30639,-121.42445,CNRFC
CRESTA PARK,CRPC1,38.59278,-121.36889,CNRFC
CORRAL HOLLOW RD,CRRC1,37.66333,-121.46694,CNRFC
COSUMNES RIVER COLLEGE,CRUC1,38.45833,-121.42028,CNRFC
CIRBY CREEK - LORETTO,CSGC1,38.73611,-121.26111,CNRFC
CORRALITOS CDF,CTOC1,36.99083,-121.805,CNRFC
CURTNER RANCH,CTRC1,37.46694,-121.87639,CNRFC
CUMMINGS PEAK,CUMC1,38.02806,-122.19694,CNRFC
LAKE CURRY,CURC1,38.35778,-122.12695,CNRFC
CASTRO VALLEY CREEK,CVCC1,37.68,-122.07945,CNRFC
,CVH,36.89333,-121.41028,CNRFC
CRYSTAL SPRINGS,CXCC1,37.49611,-122.32889,CNRFC
CALERO,CXOC1,37.18861,-121.77111,CNRFC
CORDOZA RIDGE,CZRC1,37.16834,-121.52845,CNRFC
DAVENPORT,DAPC1,37.01972,-122.19167,CNRFC
NAPA R - DUNAWEAL LANE,DAWC1,38.56861,-122.555,CNRFC
DILLON BEACH,DBEC1,38.2575,-122.95778,CNRFC
DIABLO GRANDE,DBLC1,37.32917,-121.29528,CNRFC
DRY CREEK FIRE STATION,DCFC1,38.40556,-122.46667,CNRFC
DECOTO AT I-880,DCTC1,37.56583,-122.03694,CNRFC
DRY CK - WHEATLAND,DCWC1,39.02639,-121.43611,CNRFC
AMERICAN R - D05,DFBC1,38.585,-121.42,CNRFC
AMERICAN R - D05,DFRC1,38.58472,-121.42111,CNRFC
MT DIABLO PARK HQ,DIAC1,37.85028,-121.93167,CNRFC
DRY CREEK - NEMDC,DIVC1,38.66555,-121.47722,CNRFC
DUCK CREEK - STOCKTON,DKSC1,37.92167,-121.26917,CNRFC
DIAMOND OAKS GC,DMDC1,38.77306,-121.28472,CNRFC
ROYER PARK,DRCC1,38.74806,-121.2825,CNRFC
DRY CK - WASHINGTON ST,DSAC1,38.365,-122.34222,CNRFC
DUBLIN - SAN RAMON,DSRC1,37.73139,-121.92778,CNRFC
DOTY RAVINE,DTRC1,38.9375,-121.26667,CNRFC
DANVILLE LIBRARY,DVBC1,37.82083,-121.99556,CNRFC
,DVO,38.14361,-122.55611,CNRFC
,DWA,38.57939,-121.85694,CNRFC
DEERWOOD,DWDC1,39.19772,-123.15992,CNRFC
SAUGSTAD PARK,DYSC1,38.74,-121.285,CNRFC
,E16,37.08167,-121.59695,CNRFC
ETICUERA CK - BERRYESSA,ECUC1,38.69695,-122.28806,CNRFC
EDMUNDSON AVENUE,EDMC1,37.11139,-121.64417,CNRFC
EDEN RESERVOIR,EDNC1,37.72139,-122.02028,CNRFC
,EDU,38.53139,-121.78639,CNRFC
DRY CK - ELKHORN BLVD,EKHC1,38.68417,-121.44833,CNRFC
EUREKA CANYON,EKNC1,37.03583,-121.80306,CNRFC
LAGUNA CK - WATERMAN RD,ELGC1,38.42278,-121.35333,CNRFC
ELKHORN SLOUGH,ELXC1,36.81805,-121.73944,CNRFC
LAGUNA CK - EAGLES NEST RD,ENRC1,38.48528,-121.26083,CNRFC
EAST PARK RESERVOIR,EPRC1,39.35917,-122.51778,CNRFC
ENDORA LIFT STATION,ERLC1,38.78861,-121.30139,CNRFC
ELDER CK - STOCKTON BLVD,ERSC1,38.47944,-121.42389,CNRFC
R32 - ETTIE STREET,ETEC1,37.826,-122.2891,CNRFC
EVERGREEN,EVGC1,37.30472,-121.73694,CNRFC
ENGLEBRIGHT RESERVOIR,EWXC1,39.2397,-121.267,CNRFC
BUCKEY CREEK RANCH,EYCC1,38.67,-122.74223,CNRFC
POINT REYES STATION,EYSC1,38.06778,-122.80722,CNRFC
EL ZANJON CK - FIRST AVENUE,EZCC1,37.62273,-122.40671,CNRFC
FAIRFAX - FS 21,FAXC1,37.98583,-122.59111,CNRFC
FLOOD CONTROL HQ,FCCC1,37.9875,-122.08667,CNRFC
LIVERMORE PARK,FCRC1,38.65722,-121.14556,CNRFC
FRENCH CAMP SLOUGH,FCSC1,37.88167,-121.24917,CNRFC
FIVE MILE PUMPHOUSE,FMPC1,38.01389,-121.36916,CNRFC
FARALLON ISLANDS,FNDC1,37.69833,-123.00166,CNRFC
ALAMEDA COUNTY ACWD,FREC1,37.56861,-121.97862,CNRFC
FOLSOM POINT,FSLC1,38.69305,-121.13111,CNRFC
FRANZ VALLEY SCHOOL RD,FVSC1,38.58361,-122.67167,CNRFC
WILLOW CK - SILBERHORN DR,FWCC1,38.6754,-121.11545,CNRFC
FOLSOM WTP,FWPC1,38.68667,-121.14944,CNRFC
FOLSOM WATER TREATMENT,FWTC1,38.68667,-121.15,CNRFC
FAIRFAX CK - SUNNYSIDE,FXSC1,38.00195,-122.61083,CNRFC
ALAMITOS,GDPC1,37.23833,-121.86917,CNRFC
GODLEY LANE,GDYC1,38.95972,-121.19695,CNRFC
GREGORY HILL,GGHC1,38.26778,-122.07056,CNRFC
GLORIA GRADE,GGRC1,36.53167,-121.27722,CNRFC
WALNUT GROVE,GGSC1,38.23722,-121.51806,CNRFC
PEABODY RANCH,GIOC1,37.04556,-121.50944,CNRFC
CASTRO VALLEY,GOYC1,36.95843,-121.60471,CNRFC
GARIN PARK,GRPC1,37.61472,-122.00472,CNRFC
GUADALUPE SLOUGH,GULC1,37.46389,-122.00028,CNRFC
GUADALUPE WATERSHED,GUPC1,37.18667,-121.89083,CNRFC
R28 - GRASS VALLEY ROAD,GVSC1,37.7514,-122.1232,CNRFC
GILROY,GYYC1,37.0717,-121.479,CNRFC
,HAF,37.51333,-122.50111,CNRFC
HINKLE CK - OAK AVE,HCOC1,38.69778,-121.18472,CNRFC
HOPPER CK - YOUNTVILLE,HCRC1,38.40806,-122.37139,CNRFC
SOUTH HONCUT CREEK,HCTC1,39.36833,-121.37167,CNRFC
HIGH GLADE LOOKOUT,HGLC1,39.20889,-122.81,CNRFC
R17 - HIGH STREET,HIHC1,37.7858,-122.1973,CNRFC
SMARTSVILLE,HLEC1,39.23944,-121.26667,CNRFC
SHILOH RANCH REGNL PARK,HLOC1,38.52389,-122.74389,CNRFC
SAINT HELENA 4WSW,HNAC1,38.49306,-122.53972,CNRFC
HIGHLAND PEAK,HNDC1,37.81444,-121.80833,CNRFC
HOWARD MILL / ELK MOUNTAIN,HOMC1,39.30828,-122.9397,CNRFC
HOPLAND,HPDC1,39.03083,-123.08056,CNRFC
HERB MAINTENANCE FACILITY,HRBC1,37.7142,-121.8825,CNRFC
HERALD,HRLC1,38.295,-121.2425,CNRFC
STRONG RANCH - HURLEY WAY,HRYC1,38.58695,-121.40556,CNRFC
HOLLISTER,HSEC1,36.84222,-121.36222,CNRFC
HASKINS RANCH,HSKC1,37.39528,-121.76417,CNRFC
SPRING VALLEY,HSPC1,37.5625,-122.43639,CNRFC
SVCSD WWTP,HTOC1,38.25083,-122.44527,CNRFC
HUDDART COUNTY PARK,HUDC1,37.43945,-122.28889,CNRFC
ALAMEDA CO FIRE - ESTUDILLO,HUFC1,37.7265,-122.1506,CNRFC
HIGH VALLEY ROAD,HVRC1,39.065,-122.71111,CNRFC
,HWD,37.65417,-122.115,CNRFC
HAYWARD,HWDC1,37.64778,-122.09667,CNRFC
HAWKEYE,HWKC1,38.735,-122.83695,CNRFC
INDIAN CK DRIVE,INCC1,38.70945,-121.23695,CNRFC
INDIAN VALLEY DAM,INVC1,39.08,-122.53361,CNRFC
CRIPPLE CK - SUNRISE BLVD,IPPC1,38.71778,-121.27139,CNRFC
INDUSTRIAL PUMP STATION,IPWC1,37.61889,-122.05917,CNRFC
MIRABEL,IRAC1,38.49919,-122.89608,CNRFC
IRONHOUSE SANITARY DISTRICT,ISDC1,38.00139,-121.70917,CNRFC
R04 - INTERNATIONAL BLVD,ITLC1,37.7901,-122.2477,CNRFC
JEPSON PRAIRIE,JEPC1,38.26806,-121.82777,CNRFC
JOHNSON CAMP,JNRC1,37.66722,-121.60361,CNRFC
JOHNSON RANCH,JONC1,37.22083,-121.93083,CNRFC
J3 PUMP STN - UNION CITY BL,JPSC1,37.5838,-122.0805,CNRFC
LAKE KITTRIDGE,KDGC1,37.19049,-122.01575,CNRFC
KONOCTI,KELC1,38.91361,-122.70944,CNRFC
KREGOR PEAK,KGRC1,37.94306,-121.89111,CNRFC
KNOXVILLE CREEK,KNXC1,38.88333,-122.43333,CNRFC
KENTFIELD,KTFC1,37.95611,-122.5475,CNRFC
LA HONDA,LAHC1,37.30528,-122.25528,CNRFC
MARYKNOLL FIELDS,LALC1,37.3325,-122.08083,CNRFC
COYOTE DAM,LAMC1,39.20028,-123.18639,CNRFC
LIBERTY ISLAND,LBIC1,38.32889,-121.69306,CNRFC
LIBERTY ROAD,LBTC1,38.28167,-122.70361,CNRFC
LAKE BERRYESSA,LBYC1,38.51361,-122.10472,CNRFC
LICHAU CREEK,LCRC1,38.31667,-122.63333,CNRFC
MARK WEST SPRINGS RD,LDAC1,38.50667,-122.72361,CNRFC
CHAMPION OAKS,LDCC1,38.72722,-121.24556,CNRFC
LIDDELL,LDLC1,37.02417,-122.1505,CNRFC
DEL ORO HS,LDOC1,38.83167,-121.18333,CNRFC
LEXINGTON RESERVOIR,LEXC1,37.20167,-121.98805,CNRFC
LAST CHANCE - SANTA CRUZ,LHCC1,37.1431,-122.2445,CNRFC
CAPRI CK - CASELLA WAY,LHNC1,38.26889,-122.63639,CNRFC
LINCOLN,LICC1,38.88111,-121.26667,CNRFC
LIMEKILN,LIMC1,36.5127,-121.5408,CNRFC
LAKE ELSMAN,LKLC1,37.13052,-121.93347,CNRFC
LAKE COUNTY RAWS1,LKRC1,38.8064,-122.7405,CNRFC
LIVERMORE PARK,LMFC1,38.6575,-121.14722,CNRFC
LOMA PRIETA,LMPC1,37.11083,-121.84278,CNRFC
LOS ALTOS,LOAC1,37.35472,-122.14167,CNRFC
LOOMIS OBSERVATORY,LOOC1,38.82778,-121.11139,CNRFC
LAKE RANCH,LRCC1,37.21685,-122.04845,CNRFC
LAKE RANCH NORTH,LRNC1,37.2211,-122.05316,CNRFC
LOS GATOS,LSGC1,37.20278,-121.94278,CNRFC
LOS TRANCOS,LTPC1,37.33444,-122.20694,CNRFC
LAS TRAMPAS,LTRC1,37.83389,-122.06694,CNRFC
LIVERMORE FIRE DEPARTMENT,LVFC1,37.65472,-121.82306,CNRFC
,LVK,37.69278,-121.81444,CNRFC
MALLORY RIDGE,LVMC1,37.81722,-121.77889,CNRFC
LOWER PALOMARES ROAD,LWPC1,37.6779,-122.0144,CNRFC
LEWIS TANK,LWSC1,37.0984,-122.05917,CNRFC
MIRA VISTA ROAD,MAIC1,38.98361,-122.69389,CNRFC
MONTARA BEACH,MBWC1,37.53528,-122.51917,CNRFC
MARSH CREEK RESERVOIR,MCBC1,37.89,-121.72611,CNRFC
,MCC,38.6675,-121.40056,CNRFC
MCGUIRES,MCGC1,39.3525,-123.60167,CNRFC
MORRISON CK - MACK RD,MCMC1,38.47833,-121.46056,CNRFC
MINERS-CAVITT STALLMAN,MCVC1,38.75685,-121.22323,CNRFC
LAKE MENDOCINO WEATHER,MCWC1,39.20306,-123.18528,CNRFC
MOUNT DIABLO,MDAC1,37.88167,-121.91417,CNRFC
MIDDLE PEAK,MDEC1,37.92778,-122.58722,CNRFC
MT GEORGE TRANMER,MGTC1,38.34306,-122.205,CNRFC
MOUNT HAMILTON,MHMC1,37.34667,-121.63389,CNRFC
,MHR,38.55528,-121.29723,CNRFC
POVERTY RIDGE,MIPC1,37.44306,-121.77056,CNRFC
MISSION PEAK,MISC1,37.51305,-121.89083,CNRFC
MINERS RAVINE - MOSS LANE,MIVC1,38.78888,-121.14555,CNRFC
MARKHAM RAVINE - RD1001,MKHC1,38.86556,-121.51473,CNRFC
MILLIKEN DAM,MLDC1,38.37722,-122.23194,CNRFC
MINES ROAD,MNIC1,37.51333,-121.54083,CNRFC
MINERS RAVINE,MNVC1,38.75611,-121.21806,CNRFC
MAGPIE CK - RALEY BLVD,MPIC1,38.66083,-121.42917,CNRFC
MORGAN HILL CORP YARD,MRGC1,37.115,-121.64583,CNRFC
MARKHAM RAVINE-JOINER PKWY,MRJC1,38.90025,-121.31637,CNRFC
MIDDLE TWO ROCK,MRRC1,38.23333,-122.71667,CNRFC
PERC POND,MRTC1,37.0625,-121.60278,CNRFC
,MRY,36.59056,-121.8475,CNRFC
MOUNT SAINT HELENA,MSHC1,38.675,-122.62917,CNRFC
MOUNT MADONNA,MTMC1,37.01111,-121.70194,CNRFC
MOUNTAIN VIEW,MTVC1,37.4,-122.05444,CNRFC
MOUNT VACA,MVAC1,38.39528,-122.1,CNRFC
MINERS-DETENTION BASIN,MVBC1,38.75779,-121.23014,CNRFC
MILL VALLEY / MT TAM,MVMC1,37.91389,-122.58,CNRFC
MONTEVINA,MVNC1,37.19953,-121.99195,CNRFC
NEWARK,MWRC1,37.53,-122.01,CNRFC
COLOMA CK - ORANGE MEM PARK,MXSC1,37.6538,-122.4267,CNRFC
MARYSVILLE BLVD,MYBC1,38.6275,-121.43278,CNRFC
,MYV,39.0975,-121.56972,CNRFC
BENNETT VALLEY RD,MZBC1,38.41389,-122.65722,CNRFC
NAPA - LINCOLN ST,NAAC1,38.30972,-122.27694,CNRFC
NATIVIDAD,NADC1,36.69278,-121.62472,CNRFC
ATLAS PEAK ROAD,NAPC1,38.43306,-122.25,CNRFC
FS #1 - MOWRY AT ARGONAUT,NAUC1,37.5449,-121.9905,CNRFC
BIG ROCK,NBRC1,38.03944,-122.57,CNRFC
NAPA R - BERRY STREET,NBSC1,38.57945,-122.58195,CNRFC
NOVATO CENTER ROAD TANK,NCTC1,38.10639,-122.62972,CNRFC
NORTH COW MOUNTAIN,NCWC1,39.1796,-123.08,CNRFC
NATOMAS E DRAIN CANAL,NDCC1,38.65056,-121.50667,CNRFC
NEMDC CITY,NJBC1,38.60695,-121.47,CNRFC
BELOW CALABAZAS CREEK,NOMC1,38.3625,-122.525,CNRFC
POTTER VALLEY NORTH,NPVC1,39.36126,-123.11321,CNRFC
NAPA CORP YARD,NPYC1,38.30833,-122.28667,CNRFC
NAPA R,NRXC1,38.41834,-122.35362,CNRFC
YOUNTVILLE,NRYC1,38.41833,-122.35361,CNRFC
NORTH SAN ANDREAS,NSAC1,37.61195,-122.44305,CNRFC
NATHANSON CK - 2ND ST E,NSEC1,38.2925,-122.44945,CNRFC
ENTERPRISE ROAD,NTPC1,38.37285,-122.57195,CNRFC
CITRUS HEIGHTS,NUNC1,38.705,-121.30889,CNRFC
,NUQ,37.41667,-122.05,CNRFC
NOVATO CREEK - NOVATO,NVCC1,38.08472,-122.55666,CNRFC
NOVATO FIRE - ROBINHOOD,NVHC1,38.1125,-122.54972,CNRFC
NOVATO LIBRARY,NVLC1,38.10695,-122.58028,CNRFC
PACHECO/SAN JOSE CREEKS,NVPC1,38.07056,-122.52778,CNRFC
NEWCASTLE,NWCC1,38.87306,-121.13583,CNRFC
SACRAMENTO NAT'L WR,NWRC1,39.41722,-122.1825,CNRFC
,O69,38.25778,-122.60528,CNRFC
OAK RIDGE,OAAC1,38.73333,-123.28972,CNRFC
,OAK,37.72139,-122.21972,CNRFC
OAKLAND MUSEUM,OAMC1,37.79833,-122.26417,CNRFC
,OAR,36.68153,-121.76167,CNRFC
BELMONT CK - EL CAMINO REAL,OCRC1,37.51719,-122.27125,CNRFC
ORINDA FIRE STATION,ODAC1,37.89945,-122.17056,CNRFC
OAKLAND FIRE STATION 25,OFSC1,37.80084,-122.19,CNRFC
COIT RANCH,OITC1,37.15056,-121.41833,CNRFC
OAKLAND SOUTH,OKSC1,37.78611,-122.14472,CNRFC
OLIVE SPRINGS QUARRY,OLSC1,37.06306,-121.92528,CNRFC
OAKLAND NORTH,ONOC1,37.865,-122.22056,CNRFC
COPELAND CK - LICHAU RD,OPKC1,38.33278,-122.62917,CNRFC
ORANGEVALE,ORGC1,38.68694,-121.21917,CNRFC
ORMSBY ROAD,ORMC1,37.06694,-121.82389,CNRFC
ORESTIMBA CREEK,OSMC1,37.17698,-121.39659,CNRFC
CANADA DE LOS OSOS,OSXC1,37.0375,-121.42083,CNRFC
DEER CREEK - SCOTT ROAD,OTTC1,38.55139,-121.10973,CNRFC
,OVE,39.49472,-121.62028,CNRFC
OLEMA VALLEY,OVYC1,38.0425,-122.79583,CNRFC
PALO ALTO,PAAC1,37.43944,-122.10722,CNRFC
ADOBE CK - SARTORI DR,PABC1,38.23639,-122.59667,CNRFC
SHOLLENBERGER PARK,PBEC1,38.22306,-122.60528,CNRFC
POPE CK - BERRYESSA,PBRC1,38.63,-122.33222,CNRFC
PESCADERO CREEK COUNTY PARK,PCCC1,37.28389,-122.27917,CNRFC
CORONA CK - SONOMA MOUNTAIN,PCJC1,38.26833,-122.64916,CNRFC
PETALUMA - CORONA RD,PCRC1,38.26167,-122.66056,CNRFC
PRICHARD LAKE,PDLC1,38.72833,-121.59444,CNRFC
CALAVERAS ROAD,PEAC1,37.55306,-121.84389,CNRFC
PESCADERO,PECC1,37.2608,-122.3278,CNRFC
PENITENCIA WTP,PENC1,37.40056,-121.83278,CNRFC
E WSHNGTN CK - GARFIELD,PEWC1,38.25528,-122.60777,CNRFC
PETRIFIED FOREST,PFRC1,38.57556,-122.63167,CNRFC
INDUSTRIAL BLVD,PGIC1,38.80528,-121.30722,CNRFC
PLEASANT GRV C - RD1000,PGLC1,38.80167,-121.50361,CNRFC
MCPHAILS PEAK,PHAC1,36.64861,-121.36528,CNRFC
BLACK DIAMND MINE,PIBC1,37.95,-121.88444,CNRFC
PIKE COUNTY LOOKOUT,PKCC1,39.475,-121.2025,CNRFC
KELLY CK - SUNNYSLOPE R,PKEC1,38.2225,-122.64056,CNRFC
LK PILLSBURY SCOTT DAM,PLBC1,39.40833,-122.95834,CNRFC
BRIONES,PLEC1,37.93389,-122.11806,CNRFC
LYNCH CK - MCDOWELL BLVD,PLQC1,38.25278,-122.63194,CNRFC
PALM AVENUE,PMHC1,37.17111,-121.7275,CNRFC
ADOBE CK - MANOR LN,PMJC1,38.2658,-122.58195,CNRFC
PALM AND MISSION,PMSC1,37.54194,-121.93389,CNRFC
PUTAH CK - BELOW DRY CREEK,PMWC1,38.75972,-122.61528,CNRFC
PINER CK - HOPPER AVE,PNHC1,38.47972,-122.74084,CNRFC
PINER CREEK DAM,PNKC1,38.46553,-122.70467,CNRFC
POTTER VALLEY DIVERSION,PORC1,39.36667,-123.12639,CNRFC
PACHECO RESERVOIR PRECIP,PPCC1,37.05659,-121.28972,CNRFC
MIDDLE CK - PUMP PLANT,PPMC1,39.13972,-122.90195,CNRFC
PACHEO PASS,PPWC1,37.04889,-121.19055,CNRFC
POINT REYES,PREC1,38.10056,-122.93028,CNRFC
PRAIRIE CITY,PRRC1,38.59222,-121.16167,CNRFC
POINT REYES RCA,PRWC1,38.09417,-122.95,CNRFC
PETALUMA - D ST,PTBC1,38.23306,-122.635,CNRFC
PETALUMA R - TWIN BRIDGES,PTKC1,38.26805,-122.67111,CNRFC
POINT PINOS,PTPC1,36.63333,-121.93111,CNRFC
PETALUMA - WILSON ST,PTWC1,38.23611,-122.62722,CNRFC
PULGAS,PUGC1,37.475,-122.29806,CNRFC
PUTAH DIVERSION OFFICE,PUHC1,38.49139,-122.00555,CNRFC
LA CRESTA,PUMC1,38.21694,-122.65056,CNRFC
POTTER VALLEY 2,PVBC1,39.36167,-123.12722,CNRFC
CONCORD PAVILLION,PVNC1,37.95833,-121.93833,CNRFC
PLEASANT VALLEY,PVYC1,36.98972,-121.83056,CNRFC
WASHNGTN CK - MCDOWELL,PWAC1,38.24944,-122.62583,CNRFC
PEPPERWOOD PRESERVE,PWVC1,38.57056,-122.69389,CNRFC
PILARCITOS DAM,PXDC1,37.54806,-122.4225,CNRFC
POTTER VALLEY CENTRAL,PYCC1,39.32091,-123.10282,CNRFC
SRFD - FIRE STATION 1,QSFC1,38.4403,-122.704,CNRFC
SARATOGA,QSGC1,37.2518,-122.0515,CNRFC
SRFD - HARVILLE ROAD,QSHC1,38.49,-122.662,CNRFC
SRFD - LLANO ROAD,QSLC1,38.3683,-122.768,CNRFC
SRFD - NEWGATE COURT,QSNC1,38.49194,-122.69889,CNRFC
SRFD - LOS ALAMOS ROAD,QSOC1,38.47194,-122.62333,CNRFC
SRFD - WHITE OAK DRIVE,QSWC1,38.42167,-122.59889,CNRFC
RAINBOW DIVERSION DAM,RAOC1,39.37111,-122.605,CNRFC
CLOVER VLY CK - RAWHIDE,RAWC1,38.82084,-121.23167,CNRFC
ROBLA CK - RIO LINDA,RBAC1,38.66806,-121.44722,CNRFC
RICHMOND,RCNC1,37.93694,-122.34278,CNRFC
R06 - COLTON BOULEVARD,RCTC1,37.8395,-122.198,CNRFC
RODDY RANCH GOLF CLUB,RDEC1,37.99028,-121.78584,CNRFC
RODEO,REOC1,38.03611,-122.27028,CNRFC
ROCKY RIDGE,RGEC1,37.81583,-122.0625,CNRFC
RIO LINDA,RILC1,38.69806,-121.44861,CNRFC
SAN JOSE,RJSC1,37.39806,-121.80667,CNRFC
MARK WEST REGIONAL PARK,RKWC1,38.53583,-122.70139,CNRFC
SAN LEANDRO - ROLAND,RLNC1,37.74444,-122.205,CNRFC
R19 - MILES AVENUE,RMLC1,37.846,-122.2496,CNRFC
MATANZAS RESERVOIR,RMZC1,38.40667,-122.65139,CNRFC
RANCHO CORDOVA,RNCC1,38.6025,-121.31223,CNRFC
READER RANCH,RRRC1,39.30361,-121.11723,CNRFC
SANTA ROSA,RSAC1,38.47861,-122.71167,CNRFC
RANCHO SAN ANTONIO PARK,RSOC1,37.33,-122.11806,CNRFC
ROSE PEAK,RSPC1,37.50194,-121.73556,CNRFC
ROSSMOOR,RSSC1,37.87028,-122.06278,CNRFC
LAKE SONOMA RECREATION AREA,RSWC1,38.71611,-122.99667,CNRFC
FORT ORD,RTGC1,36.62694,-121.78639,CNRFC
R29 - 66TH AVENUE,RTNC1,37.7599,-122.1965,CNRFC
ROSEVILLE WTP,RTPC1,38.72417,-121.18694,CNRFC
RIVERSIDE GROVE,RVGC1,37.17468,-122.15009,CNRFC
ROSEVILLE FIRE STATION #2,RVLC1,38.75944,-121.3125,CNRFC
OLIVE RANCH,RVOC1,38.755,-121.20306,CNRFC
REDWOOD CITY,RWCC1,37.47667,-122.23861,CNRFC
SAN ANTONIO RESERVOIR,RZSC1,37.57722,-121.84583,CNRFC
,SAC,38.50694,-121.495,CNRFC
SAN LEANDRO MARINA,SALC1,37.69722,-122.19167,CNRFC
METRO AIR PARK,SAPC1,38.67361,-121.55778,CNRFC
SAN RAFAEL,SARC1,37.99833,-122.53722,CNRFC
SAN BRUNO MOUNTAIN,SBMC1,37.70222,-122.45694,CNRFC
SAN ANSELMO - FS 19,SBSC1,37.97667,-122.56333,CNRFC
SCHULTIES ROAD,SCHC1,37.13528,-121.96861,CNRFC
,SCK,37.89639,-121.25167,CNRFC
STOCKTON FIRE STATION,SCKC1,37.99944,-121.31778,CNRFC
CHINA GARDEN ROAD,SECC1,38.78722,-121.22111,CNRFC
SUNNYVALE WTP,SEVC1,37.35528,-122.05833,CNRFC
MARSH CK FIRE DEPT,SFFC1,37.89306,-121.865,CNRFC
,SFO,37.61917,-122.375,CNRFC
SAN FRANCISCO,SFOC1,37.77056,-122.42694,CNRFC
SF BAY WILDLIFE REFUGE,SFRC1,37.53056,-122.07222,CNRFC
SUISUN CITY,SFXC1,38.2225,-122.02556,CNRFC
STRONG RNCH CHANNEL CT,SHCC1,38.6025,-121.395,CNRFC
BEAR CK - SAND HILL RD,SHJC1,37.41,-122.24167,CNRFC
SHANTI ASHRAMA,SHNC1,37.31722,-121.47222,CNRFC
SHERMAN ISLAND,SIDC1,38.05778,-121.78611,CNRFC
FREMONT PEAK,SJBC1,36.75028,-121.5025,CNRFC
,SJC,37.35917,-121.92417,CNRFC
SAN JOSE,SJCC1,37.35,-121.9,CNRFC
R21 - SKYLINE BOULEVARD,SKHC1,37.7895,-122.1497,CNRFC
SAN LORENZO,SLCC1,37.68417,-122.13889,CNRFC
,SMF,38.70139,-121.59389,CNRFC
CSU - SACRAMENTO,SMTC1,38.55528,-121.41834,CNRFC
,SNS,36.66361,-121.60806,CNRFC
BLANCO CIRCLE - MCWRA,SNYC1,36.65056,-121.64528,CNRFC
SODA CREEK RS,SOAC1,39.43278,-122.98278,CNRFC
SODA CK - LOMA VISTA DR,SOPC1,38.37611,-122.28278,CNRFC
SOQUEL,SOQC1,36.99139,-121.95472,CNRFC
SUPHUR CREEK,SPHC1,38.49028,-122.48167,CNRFC
ARCADE CK - SUNRISE BLVD,SRBC1,38.68389,-121.27167,CNRFC
SARATOGA SUMMIT,SSUC1,37.23613,-122.1325,CNRFC
WEST YARD,STBC1,37.3075,-121.995,CNRFC
,STS,38.50389,-122.81028,CNRFC
SUGARLOAF PEAK,SUGC1,38.26444,-122.21583,CNRFC
,SUU,38.2625,-121.92722,CNRFC
SULPHUR CK - POPE ST,SUUC1,38.50528,-122.46389,CNRFC
SECRET RAVINE-BRACE RD,SVBC1,38.81042,-121.19033,CNRFC
STEVENS CREEK RESERVOIR,SVPC1,37.30278,-122.09167,CNRFC
SANTA LUCIA CONSERVANCY,SXLC1,36.48613,-121.79388,CNRFC
SLEEPY HOLLOW - FS 20,SYIC1,37.99167,-122.57611,CNRFC
SWEENEY CREEK AT PSC,SYPC1,38.44333,-121.95528,CNRFC
STONYFORD,SYWC1,39.36722,-122.57278,CNRFC
SCOTT,SZCC1,37.13889,-122.20306,CNRFC
TASSAJARA,TASC1,37.7875,-121.875,CNRFC
TIBURON,TBNC1,37.89917,-122.50222,CNRFC
THORNSBERRY TANK,THBC1,38.29583,-122.41583,CNRFC
TROUGH SPRING,THSC1,39.29611,-122.65389,CNRFC
BENSON FERRY,THTC1,38.25583,-121.43889,CNRFC
TILDEN PARK,TLDC1,37.88361,-122.22195,CNRFC
TOMASINI POINT,TMPC1,38.11694,-122.85722,CNRFC
MOUNT TORO,TORC1,36.52806,-121.61,CNRFC
TARGET RETENTION,TRBC1,38.74611,-121.25778,CNRFC
TRAPPERS TRAIL,TTLC1,37.34611,-122.18083,CNRFC
UNION CITY MUNICIPAL BLDG,UCHC1,37.5874,-122.0269,CNRFC
,UKI,39.12611,-123.19972,CNRFC
CHANATE RD BELOW PINER RSVR,ULNC1,38.46778,-122.7125,CNRFC
MORRISON CK - WATT AVE,UMKC1,38.51806,-121.36945,CNRFC
MT UMUNHUM,UMNC1,37.15806,-121.90361,CNRFC
UPPER CROW CANYON,UPNC1,37.737,-122.0323,CNRFC
MILL VALLEY UPPER,UPYC1,37.87439,-122.53209,CNRFC
BRUSH CK - BADGER RD,USHC1,38.48222,-122.67278,CNRFC
SAN LEANDRO RESERVOIR,USVC1,37.76445,-122.09805,CNRFC
UNITED TECH CORP,UTCC1,37.22278,-121.675,CNRFC
UVAS RESERVOIR,UVAC1,37.06556,-121.6875,CNRFC
UVAS CANYON COUNTY PARK,UVSC1,37.11389,-121.79722,CNRFC
SUWANNA RANCH CO RD 410,UWNC1,39.48472,-122.51389,CNRFC
VALLE ARROYO,VAEC1,37.56139,-121.68472,CNRFC
LOS VAQUEROS,VAQC1,37.78833,-121.73637,CNRFC
MT DIABLO PEAK,VAUC1,37.87972,-121.91944,CNRFC
,VCB,38.37778,-121.9575,CNRFC
VALLEY CHRISTIAN,VCHC1,37.24083,-122.06778,CNRFC
VENADO,VENC1,38.6087,-123.01806,CNRFC
GREEN VALLEY,VLGC1,38.44274,-122.88721,CNRFC
CITRUS HEIGHTS,VNMC1,38.69833,-121.30861,CNRFC
VASONA PUMP STATION,VPMC1,37.25861,-121.96028,CNRFC
VIEIRA RANCH,VRNC1,37.66472,-121.46889,CNRFC
SAN LORENZO VLY WATER DIST,VWDC1,37.12344,-122.12186,CNRFC
VINEYARD WTP,VWTC1,38.50008,-121.31258,CNRFC
WILLOW BROOK,WBRC1,38.31667,-122.6,CNRFC
WARM SPRINGS,WBVC1,37.46944,-121.91861,CNRFC
WESTWIND COMMUNITY BARN,WBXC1,37.36583,-122.15916,CNRFC
CASTRO VALLEY 3NE,WCCC1,37.73333,-122.04722,CNRFC
WASHINGTON CREEK,WCRC1,38.31222,-122.58528,CNRFC
WOODACRE,WDAC1,37.99056,-122.64472,CNRFC
WOODLAND,WDDC1,38.68833,-121.79472,CNRFC
WINDY GAP,WDGC1,39.23437,-123.00495,CNRFC
WESTLEY,WESC1,37.51722,-121.23084,CNRFC
WILLOW/HUMBUG CK CONFLUENCE,WHBC1,38.66083,-121.1575,CNRFC
WILLITS HOWARD,WILC1,39.29722,-123.28917,CNRFC
COUNTY LINE,WISC1,39.01889,-122.41167,CNRFC
WEST LITTLE LLAGAS CREEK,WLGC1,37.13556,-121.67167,CNRFC
WINDY HILL,WNDC1,37.35806,-122.24,CNRFC
WOODCREEK OAKS BLVD,WOBC1,38.78667,-121.33056,CNRFC
WEAPONS STATION FS,WPNC1,38.01861,-122.02084,CNRFC
WARM SPRINGS DAM,WSDC1,38.72306,-123.01,CNRFC
WHISPERING PINES,WSPC1,38.8,-122.71694,CNRFC
WUNDERLICH,WUNC1,37.40222,-122.24167,CNRFC
,WVI,36.93944,-121.78889,CNRFC
BULLARDS BAR,WXBC1,39.39611,-121.14389,CNRFC
AUSTIN CREEK,XACC1,38.564,-123.01458,CNRFC
ANDERSON DAM,XANC1,37.16444,-121.62694,CNRFC
BALD MOUNTAIN,XBMC1,38.45833,-122.51,CNRFC
NEW BULLARDS BAR DAM - CW3E,XBWC1,39.39635,-121.14377,CNRFC
MARIN CIVIC CENTER,XCCC1,37.99861,-122.53416,CNRFC
COAST DAIRIES,XCDC1,37.03083,-122.18785,CNRFC
SANTA ROSA CK - E ST,XDSC1,38.43972,-122.70889,CNRFC
HELLS DELIGHT,XHDC1,39.26771,-123.14731,CNRFC
ANTELOPE - LAKE PLACID CT,XLPC1,38.72358,-121.36697,CNRFC
MCCREA TRAIL PARCEL,XMTC1,38.32889,-122.5475,CNRFC
MARK WEST CK/MICHELE RD,XMWC1,38.51167,-122.72417,CNRFC
PENSTOCK RD - LOCKHEED CZU,XOIC1,37.107,-122.2094,CNRFC
MOFD PORTABLE,XOSC1,37.89961,-122.21582,CNRFC
MARK WEST CK/PRTR CK RD,XPCC1,38.54945,-122.72,CNRFC
REDWOOD VALLEY PINEVIEW,XRVC1,39.28517,-123.30475,CNRFC
SPRING CK - DIVERSION,XSCC1,38.44028,-122.64833,CNRFC
SPRING LAKE,XSLC1,38.45694,-122.65722,CNRFC
LOWER CRYSTAL SPRINGS,XTLC1,37.5325,-122.36305,CNRFC
YGNACIO VALLEY FS,YGNC1,37.93778,-122.02722,CNRFC
REDWOOD CK MT VEEDER RD,YNTC1,38.33389,-122.37,CNRFC
MOUNT VEEDER,YOUC1,38.36444,-122.41861,CNRFC
YORKVILLE,YRKC1,38.90528,-123.23139,CNRFC
SKYFARM WATER TANK,YWTC1,38.49194,-122.71694,CNRFC
ZONE 7 DEL VALLE WTP,ZDVC1,37.6329,-121.7841,CNRFC
LAKE BERRYESSA - USBR,ZODC1,38.55167,-122.22334,CNRFC
ZONE 7 PATTERSON PASS WTP,ZPPC1,37.6948,-121.6837,CNRFC
